container_id,yard_block,slot,status
CONT1,B,68,stored
CONT2,B,86,stored
CONT3,A,51,in_transit
CONT4,B,52,in_transit
CONT5,C,50,in_transit
CONT6,B,66,stored
CONT7,C,9,in_transit
CONT8,A,74,stored
CONT9,B,52,stored
CONT10,A,84,in_transit
CONT11,C,21,in_transit
CONT12,B,4,stored
CONT13,A,37,in_transit
CONT14,A,22,in_transit
CONT15,B,26,stored
CONT16,A,70,stored
CONT17,C,69,in_transit
CONT18,C,75,in_transit
CONT19,B,91,stored
CONT20,B,92,in_transit
CONT21,A,100,in_transit
CONT22,C,84,in_transit
CONT23,C,48,stored
CONT24,A,32,in_transit
CONT25,C,6,stored
CONT26,A,25,stored
CONT27,B,88,in_transit
CONT28,C,77,stored
CONT29,B,97,in_transit
CONT30,B,63,in_transit
CONT31,C,19,in_transit
CONT32,C,69,stored
CONT33,C,25,stored
CONT34,B,73,stored
CONT35,B,61,stored
CONT36,C,1,stored
CONT37,B,27,stored
CONT38,C,31,stored
CONT39,C,4,in_transit
CONT40,A,99,in_transit
CONT41,C,79,in_transit
CONT42,B,94,in_transit
CONT43,C,18,in_transit
CONT44,A,22,in_transit
CONT45,C,85,stored
CONT46,B,42,in_transit
CONT47,C,54,stored
CONT48,A,17,stored
CONT49,C,35,in_transit
CONT50,B,42,stored
CONT51,A,8,stored
CONT52,B,60,stored
CONT53,C,71,stored
CONT54,B,30,in_transit
CONT55,C,10,in_transit
CONT56,C,31,in_transit
CONT57,A,100,in_transit
CONT58,C,12,in_transit
CONT59,C,20,in_transit
CONT60,B,34,stored
CONT61,B,73,in_transit
CONT62,C,47,stored
CONT63,C,9,stored
CONT64,A,94,stored
CONT65,C,41,in_transit
CONT66,B,56,in_transit
CONT67,C,92,in_transit
CONT68,A,19,stored
CONT69,A,52,in_transit
CONT70,C,24,in_transit
CONT71,A,95,stored
CONT72,C,45,in_transit
CONT73,C,45,in_transit
CONT74,A,2,stored
CONT75,B,88,in_transit
CONT76,A,24,stored
CONT77,A,82,in_transit
CONT78,B,72,stored
CONT79,B,34,in_transit
CONT80,C,67,stored
CONT81,B,80,stored
CONT82,C,60,in_transit
CONT83,C,14,in_transit
CONT84,C,73,in_transit
CONT85,A,5,stored
CONT86,A,58,stored
CONT87,B,12,stored
CONT88,C,84,stored
CONT89,A,91,stored
CONT90,B,9,in_transit
CONT91,A,87,in_transit
CONT92,C,65,stored
CONT93,C,33,in_transit
CONT94,C,67,stored
CONT95,C,29,stored
CONT96,C,48,stored
CONT97,C,31,stored
CONT98,B,21,in_transit
CONT99,B,36,in_transit
CONT100,B,38,stored
CONT101,C,69,in_transit
CONT102,C,96,stored
CONT103,B,16,stored
CONT104,A,89,stored
CONT105,B,83,stored
CONT106,A,65,stored
CONT107,C,82,in_transit
CONT108,A,82,in_transit
CONT109,A,49,in_transit
CONT110,C,30,stored
CONT111,C,78,stored
CONT112,C,5,in_transit
CONT113,C,82,in_transit
CONT114,A,20,in_transit
CONT115,B,54,in_transit
CONT116,C,65,in_transit
CONT117,A,56,stored
CONT118,A,87,in_transit
CONT119,A,86,in_transit
CONT120,A,92,stored
CONT121,C,45,stored
CONT122,C,4,stored
CONT123,A,2,stored
CONT124,A,98,in_transit
CONT125,C,30,in_transit
CONT126,A,58,stored
CONT127,B,26,stored
CONT128,B,90,in_transit
CONT129,B,7,stored
CONT130,B,48,stored
CONT131,A,45,in_transit
CONT132,A,86,in_transit
CONT133,C,14,stored
CONT134,B,48,stored
CONT135,C,95,in_transit
CONT136,B,52,stored
CONT137,C,13,in_transit
CONT138,A,89,stored
CONT139,A,83,stored
CONT140,A,11,in_transit
CONT141,B,37,in_transit
CONT142,A,88,stored
CONT143,C,78,in_transit
CONT144,A,26,in_transit
CONT145,B,88,stored
CONT146,C,52,in_transit
CONT147,C,88,stored
CONT148,B,93,stored
CONT149,A,58,stored
CONT150,B,51,in_transit
CONT151,B,36,in_transit
CONT152,A,76,stored
CONT153,A,23,in_transit
CONT154,C,53,in_transit
CONT155,C,37,stored
CONT156,B,35,in_transit
CONT157,A,48,stored
CONT158,A,19,in_transit
CONT159,C,44,in_transit
CONT160,C,36,stored
CONT161,B,80,in_transit
CONT162,C,95,in_transit
CONT163,C,67,stored
CONT164,A,18,in_transit
CONT165,B,52,stored
CONT166,C,21,stored
CONT167,A,58,in_transit
CONT168,A,8,in_transit
CONT169,A,35,in_transit
CONT170,A,61,stored
CONT171,C,98,stored
CONT172,A,98,in_transit
CONT173,C,10,in_transit
CONT174,A,95,stored
CONT175,C,94,stored
CONT176,C,30,in_transit
CONT177,A,17,in_transit
CONT178,C,62,stored
CONT179,C,68,stored
CONT180,B,64,in_transit
CONT181,A,33,in_transit
CONT182,A,18,in_transit
CONT183,C,14,in_transit
CONT184,C,23,in_transit
CONT185,B,61,stored
CONT186,B,78,stored
CONT187,B,86,stored
CONT188,C,91,stored
CONT189,B,92,in_transit
CONT190,A,88,in_transit
CONT191,C,72,stored
CONT192,C,29,stored
CONT193,B,50,in_transit
CONT194,A,46,stored
CONT195,B,39,in_transit
CONT196,C,14,stored
CONT197,C,22,stored
CONT198,A,28,in_transit
CONT199,A,43,in_transit
CONT200,B,6,stored
CONT201,A,95,in_transit
CONT202,C,1,in_transit
CONT203,C,38,in_transit
CONT204,A,52,in_transit
CONT205,B,67,in_transit
CONT206,B,36,stored
CONT207,C,59,in_transit
CONT208,B,42,in_transit
CONT209,A,27,in_transit
CONT210,C,87,stored
CONT211,C,11,in_transit
CONT212,B,72,in_transit
CONT213,A,93,in_transit
CONT214,B,89,stored
CONT215,A,73,in_transit
CONT216,B,46,stored
CONT217,C,89,in_transit
CONT218,B,16,in_transit
CONT219,C,97,in_transit
CONT220,B,74,stored
CONT221,B,51,stored
CONT222,B,33,in_transit
CONT223,B,88,stored
CONT224,A,24,stored
CONT225,A,39,stored
CONT226,C,98,stored
CONT227,A,27,stored
CONT228,C,73,in_transit
CONT229,B,43,stored
CONT230,A,91,in_transit
CONT231,C,78,stored
CONT232,A,92,stored
CONT233,C,5,stored
CONT234,C,59,in_transit
CONT235,B,91,in_transit
CONT236,B,46,stored
CONT237,B,91,in_transit
CONT238,A,26,in_transit
CONT239,C,100,stored
CONT240,B,46,stored
CONT241,B,46,in_transit
CONT242,B,34,in_transit
CONT243,C,56,stored
CONT244,C,28,stored
CONT245,C,4,stored
CONT246,A,60,in_transit
CONT247,A,73,stored
CONT248,A,72,stored
CONT249,A,77,stored
CONT250,C,25,in_transit
CONT251,A,72,stored
CONT252,C,19,in_transit
CONT253,C,48,in_transit
CONT254,C,90,in_transit
CONT255,C,31,stored
CONT256,A,20,in_transit
CONT257,C,41,in_transit
CONT258,A,80,stored
CONT259,B,36,stored
CONT260,B,75,in_transit
CONT261,A,37,stored
CONT262,B,67,stored
CONT263,A,69,in_transit
CONT264,A,32,in_transit
CONT265,C,96,stored
CONT266,A,2,stored
CONT267,C,59,stored
CONT268,C,21,stored
CONT269,A,5,in_transit
CONT270,A,58,stored
CONT271,C,25,stored
CONT272,B,33,stored
CONT273,B,29,in_transit
CONT274,B,81,in_transit
CONT275,C,42,in_transit
CONT276,C,49,in_transit
CONT277,A,33,in_transit
CONT278,C,64,in_transit
CONT279,A,47,in_transit
CONT280,B,70,in_transit
CONT281,A,66,in_transit
CONT282,B,26,stored
CONT283,B,29,in_transit
CONT284,B,40,in_transit
CONT285,A,11,in_transit
CONT286,A,59,in_transit
CONT287,C,32,stored
CONT288,B,84,stored
CONT289,A,2,in_transit
CONT290,A,52,stored
CONT291,B,83,stored
CONT292,A,58,in_transit
CONT293,C,26,in_transit
CONT294,A,80,in_transit
CONT295,B,82,in_transit
CONT296,C,15,stored
CONT297,C,35,stored
CONT298,C,24,in_transit
CONT299,B,42,in_transit
CONT300,B,77,in_transit
CONT301,C,34,in_transit
CONT302,C,50,stored
CONT303,B,43,in_transit
CONT304,B,73,stored
CONT305,B,88,stored
CONT306,C,69,in_transit
CONT307,A,37,in_transit
CONT308,A,100,in_transit
CONT309,A,71,stored
CONT310,A,78,in_transit
CONT311,C,94,stored
CONT312,A,87,stored
CONT313,A,75,stored
CONT314,C,26,in_transit
CONT315,B,87,stored
CONT316,B,35,in_transit
CONT317,C,18,stored
CONT318,C,62,in_transit
CONT319,B,17,stored
CONT320,C,37,in_transit
CONT321,C,100,in_transit
CONT322,A,25,stored
CONT323,C,62,stored
CONT324,A,13,stored
CONT325,B,72,stored
CONT326,A,24,stored
CONT327,C,84,in_transit
CONT328,B,81,stored
CONT329,C,17,in_transit
CONT330,A,100,in_transit
CONT331,A,37,in_transit
CONT332,C,11,in_transit
CONT333,A,28,stored
CONT334,B,57,in_transit
CONT335,A,79,stored
CONT336,B,90,stored
CONT337,A,51,stored
CONT338,B,94,in_transit
CONT339,B,25,stored
CONT340,C,85,in_transit
CONT341,C,88,stored
CONT342,B,80,stored
CONT343,A,7,stored
CONT344,C,53,stored
CONT345,C,65,stored
CONT346,A,69,in_transit
CONT347,C,29,stored
CONT348,B,96,in_transit
CONT349,A,18,in_transit
CONT350,A,46,in_transit
CONT351,A,70,stored
CONT352,B,76,in_transit
CONT353,C,31,in_transit
CONT354,A,38,in_transit
CONT355,A,51,in_transit
CONT356,C,72,in_transit
CONT357,A,11,stored
CONT358,B,75,in_transit
CONT359,C,1,in_transit
CONT360,A,57,stored
CONT361,B,83,in_transit
CONT362,B,71,in_transit
CONT363,C,64,stored
CONT364,B,6,in_transit
CONT365,A,40,stored
CONT366,B,29,in_transit
CONT367,A,43,in_transit
CONT368,B,93,stored
CONT369,C,78,stored
CONT370,B,10,in_transit
CONT371,B,16,in_transit
CONT372,B,39,in_transit
CONT373,A,35,in_transit
CONT374,A,24,stored
CONT375,C,15,in_transit
CONT376,B,5,stored
CONT377,A,93,in_transit
CONT378,C,85,stored
CONT379,C,62,in_transit
CONT380,C,64,stored
CONT381,A,38,stored
CONT382,A,31,stored
CONT383,C,79,stored
CONT384,C,63,in_transit
CONT385,A,88,in_transit
CONT386,C,99,stored
CONT387,B,81,in_transit
CONT388,A,53,stored
CONT389,A,94,in_transit
CONT390,B,38,stored
CONT391,B,31,stored
CONT392,C,6,stored
CONT393,A,31,stored
CONT394,A,32,in_transit
CONT395,A,25,stored
CONT396,C,28,in_transit
CONT397,A,74,in_transit
CONT398,B,20,in_transit
CONT399,B,51,stored
CONT400,B,56,stored
CONT401,A,88,in_transit
CONT402,B,33,in_transit
CONT403,C,94,in_transit
CONT404,B,16,in_transit
CONT405,A,72,stored
CONT406,B,23,stored
CONT407,B,59,in_transit
CONT408,B,34,in_transit
CONT409,C,74,in_transit
CONT410,B,74,in_transit
CONT411,A,46,stored
CONT412,C,28,stored
CONT413,A,19,stored
CONT414,A,77,in_transit
CONT415,C,68,stored
CONT416,C,6,stored
CONT417,A,76,stored
CONT418,C,95,in_transit
CONT419,A,66,in_transit
CONT420,C,75,in_transit
CONT421,A,43,in_transit
CONT422,C,19,in_transit
CONT423,C,33,stored
CONT424,A,28,stored
CONT425,A,21,stored
CONT426,B,47,in_transit
CONT427,B,2,stored
CONT428,C,15,in_transit
CONT429,A,11,in_transit
CONT430,C,58,in_transit
CONT431,C,5,in_transit
CONT432,A,86,stored
CONT433,A,80,in_transit
CONT434,A,2,in_transit
CONT435,C,22,stored
CONT436,A,82,stored
CONT437,A,36,in_transit
CONT438,B,48,in_transit
CONT439,C,26,in_transit
CONT440,C,37,stored
CONT441,B,98,stored
CONT442,B,19,in_transit
CONT443,B,10,stored
CONT444,C,32,stored
CONT445,C,10,in_transit
CONT446,C,8,stored
CONT447,A,78,stored
CONT448,C,58,in_transit
CONT449,A,90,stored
CONT450,C,60,in_transit
CONT451,A,20,in_transit
CONT452,C,55,in_transit
CONT453,C,36,in_transit
CONT454,B,22,stored
CONT455,B,85,stored
CONT456,C,95,in_transit
CONT457,C,24,stored
CONT458,A,19,stored
CONT459,B,57,in_transit
CONT460,C,15,stored
CONT461,C,74,stored
CONT462,B,53,stored
CONT463,C,81,in_transit
CONT464,B,45,stored
CONT465,B,34,stored
CONT466,B,27,in_transit
CONT467,A,2,in_transit
CONT468,B,83,in_transit
CONT469,A,43,in_transit
CONT470,C,25,in_transit
CONT471,B,2,in_transit
CONT472,C,56,stored
CONT473,B,41,stored
CONT474,B,19,stored
CONT475,C,81,stored
CONT476,A,8,in_transit
CONT477,C,64,stored
CONT478,C,30,stored
CONT479,C,1,stored
CONT480,B,38,in_transit
CONT481,C,98,in_transit
CONT482,B,95,in_transit
CONT483,A,17,stored
CONT484,B,87,in_transit
CONT485,B,63,in_transit
CONT486,A,22,stored
CONT487,C,48,stored
CONT488,A,98,in_transit
CONT489,C,96,in_transit
CONT490,A,69,stored
CONT491,A,96,stored
CONT492,B,62,stored
CONT493,A,37,in_transit
CONT494,B,89,in_transit
CONT495,B,10,stored
CONT496,C,73,in_transit
CONT497,C,1,stored
CONT498,C,76,stored
CONT499,C,90,in_transit
CONT500,C,64,in_transit
CONT501,B,6,stored
CONT502,B,50,stored
CONT503,C,93,in_transit
CONT504,C,47,in_transit
CONT505,A,87,stored
CONT506,C,19,in_transit
CONT507,B,24,stored
CONT508,C,34,in_transit
CONT509,A,62,in_transit
CONT510,A,75,in_transit
CONT511,B,35,in_transit
CONT512,A,71,in_transit
CONT513,C,98,stored
CONT514,B,93,in_transit
CONT515,B,9,stored
CONT516,C,82,in_transit
CONT517,A,49,stored
CONT518,A,13,stored
CONT519,C,82,stored
CONT520,A,20,stored
CONT521,B,8,in_transit
CONT522,C,45,stored
CONT523,C,73,stored
CONT524,C,59,stored
CONT525,B,95,stored
CONT526,A,59,in_transit
CONT527,C,59,stored
CONT528,A,38,stored
CONT529,B,10,in_transit
CONT530,B,79,stored
CONT531,C,29,in_transit
CONT532,A,18,stored
CONT533,A,88,stored
CONT534,A,64,in_transit
CONT535,B,42,stored
CONT536,B,5,in_transit
CONT537,A,16,in_transit
CONT538,C,10,in_transit
CONT539,C,13,stored
CONT540,A,33,in_transit
CONT541,C,65,stored
CONT542,B,29,stored
CONT543,A,31,stored
CONT544,B,37,in_transit
CONT545,C,41,stored
CONT546,A,96,stored
CONT547,C,26,in_transit
CONT548,C,59,stored
CONT549,B,23,in_transit
CONT550,A,42,in_transit
CONT551,B,41,stored
CONT552,B,9,stored
CONT553,A,17,in_transit
CONT554,B,29,stored
CONT555,B,20,stored
CONT556,A,27,stored
CONT557,A,72,stored
CONT558,B,84,stored
CONT559,B,14,in_transit
CONT560,A,90,stored
CONT561,B,14,stored
CONT562,A,2,in_transit
CONT563,C,99,stored
CONT564,B,23,stored
CONT565,A,98,stored
CONT566,A,74,in_transit
CONT567,C,70,stored
CONT568,C,22,stored
CONT569,B,44,stored
CONT570,B,68,in_transit
CONT571,C,1,in_transit
CONT572,C,6,stored
CONT573,B,86,stored
CONT574,A,29,stored
CONT575,C,12,stored
CONT576,B,60,stored
CONT577,B,94,in_transit
CONT578,A,30,in_transit
CONT579,C,23,in_transit
CONT580,C,94,in_transit
CONT581,C,77,in_transit
CONT582,B,22,in_transit
CONT583,C,96,stored
CONT584,A,94,stored
CONT585,C,37,stored
CONT586,B,83,in_transit
CONT587,A,99,stored
CONT588,A,92,stored
CONT589,A,27,stored
CONT590,B,72,stored
CONT591,A,41,stored
CONT592,C,56,stored
CONT593,A,20,in_transit
CONT594,A,8,in_transit
CONT595,A,61,in_transit
CONT596,C,79,in_transit
CONT597,C,20,stored
CONT598,B,7,in_transit
CONT599,C,77,in_transit
CONT600,C,71,in_transit
CONT601,C,12,in_transit
CONT602,B,79,stored
CONT603,B,58,in_transit
CONT604,B,43,stored
CONT605,A,61,stored
CONT606,C,3,in_transit
CONT607,A,28,in_transit
CONT608,A,73,in_transit
CONT609,C,100,stored
CONT610,A,70,in_transit
CONT611,C,39,in_transit
CONT612,C,79,stored
CONT613,B,12,stored
CONT614,A,56,in_transit
CONT615,B,94,stored
CONT616,B,3,stored
CONT617,C,70,stored
CONT618,A,39,stored
CONT619,A,72,stored
CONT620,A,64,in_transit
CONT621,C,40,in_transit
CONT622,A,78,stored
CONT623,B,75,in_transit
CONT624,A,83,in_transit
CONT625,A,18,stored
CONT626,B,46,stored
CONT627,A,70,stored
CONT628,A,88,stored
CONT629,B,74,in_transit
CONT630,A,87,in_transit
CONT631,B,88,stored
CONT632,C,22,in_transit
CONT633,B,22,in_transit
CONT634,C,87,in_transit
CONT635,C,57,in_transit
CONT636,B,62,stored
CONT637,C,5,in_transit
CONT638,C,39,stored
CONT639,B,98,stored
CONT640,A,39,stored
CONT641,A,30,in_transit
CONT642,B,79,in_transit
CONT643,B,31,in_transit
CONT644,B,35,in_transit
CONT645,A,17,stored
CONT646,A,86,stored
CONT647,B,2,stored
CONT648,C,6,stored
CONT649,C,87,stored
CONT650,A,64,stored
CONT651,C,15,in_transit
CONT652,A,97,in_transit
CONT653,C,71,in_transit
CONT654,A,61,in_transit
CONT655,C,19,stored
CONT656,C,35,stored
CONT657,A,74,in_transit
CONT658,B,29,in_transit
CONT659,C,32,in_transit
CONT660,B,20,stored
CONT661,B,49,stored
CONT662,C,42,in_transit
CONT663,A,26,stored
CONT664,B,25,stored
CONT665,A,29,in_transit
CONT666,B,10,stored
CONT667,C,80,stored
CONT668,A,54,stored
CONT669,B,21,stored
CONT670,B,28,in_transit
CONT671,C,1,in_transit
CONT672,A,25,in_transit
CONT673,B,47,in_transit
CONT674,B,95,stored
CONT675,A,48,stored
CONT676,B,19,stored
CONT677,A,81,stored
CONT678,C,32,stored
CONT679,A,5,in_transit
CONT680,B,98,in_transit
CONT681,B,92,stored
CONT682,A,17,stored
CONT683,C,32,stored
CONT684,B,43,stored
CONT685,C,76,stored
CONT686,A,93,in_transit
CONT687,B,5,in_transit
CONT688,A,25,stored
CONT689,C,45,in_transit
CONT690,C,72,in_transit
CONT691,B,96,in_transit
CONT692,C,65,stored
CONT693,A,53,stored
CONT694,B,70,stored
CONT695,C,27,stored
CONT696,A,66,in_transit
CONT697,B,82,in_transit
CONT698,B,91,stored
CONT699,A,87,stored
CONT700,B,3,in_transit
CONT701,C,78,stored
CONT702,C,38,stored
CONT703,C,61,in_transit
CONT704,C,29,in_transit
CONT705,B,95,in_transit
CONT706,A,48,in_transit
CONT707,A,91,stored
CONT708,B,86,stored
CONT709,A,10,in_transit
CONT710,B,35,in_transit
CONT711,C,88,in_transit
CONT712,A,61,stored
CONT713,C,81,stored
CONT714,B,28,stored
CONT715,A,65,stored
CONT716,A,99,stored
CONT717,A,22,stored
CONT718,B,14,in_transit
CONT719,B,9,in_transit
CONT720,C,37,in_transit
CONT721,C,45,stored
CONT722,A,93,in_transit
CONT723,C,76,stored
CONT724,A,8,stored
CONT725,B,9,in_transit
CONT726,C,30,stored
CONT727,B,29,stored
CONT728,A,85,stored
CONT729,B,93,in_transit
CONT730,C,28,in_transit
CONT731,C,83,in_transit
CONT732,B,77,in_transit
CONT733,A,95,in_transit
CONT734,C,99,stored
CONT735,C,52,stored
CONT736,C,60,stored
CONT737,B,52,in_transit
CONT738,B,87,stored
CONT739,C,70,in_transit
CONT740,C,39,in_transit
CONT741,B,97,in_transit
CONT742,C,11,stored
CONT743,A,90,stored
CONT744,A,25,stored
CONT745,B,85,in_transit
CONT746,C,53,stored
CONT747,C,56,stored
CONT748,A,29,in_transit
CONT749,A,70,stored
CONT750,B,95,in_transit
CONT751,B,31,in_transit
CONT752,B,60,stored
CONT753,A,96,in_transit
CONT754,B,36,in_transit
CONT755,B,58,stored
CONT756,C,32,in_transit
CONT757,C,54,in_transit
CONT758,A,68,in_transit
CONT759,C,93,in_transit
CONT760,A,74,stored
CONT761,B,47,stored
CONT762,A,54,stored
CONT763,C,83,in_transit
CONT764,C,35,in_transit
CONT765,C,12,in_transit
CONT766,C,78,in_transit
CONT767,B,21,stored
CONT768,C,11,stored
CONT769,C,25,in_transit
CONT770,A,92,in_transit
CONT771,A,60,stored
CONT772,B,5,in_transit
CONT773,B,23,stored
CONT774,C,97,stored
CONT775,C,6,stored
CONT776,C,98,in_transit
CONT777,C,50,stored
CONT778,A,3,stored
CONT779,A,80,in_transit
CONT780,C,75,stored
CONT781,C,85,stored
CONT782,B,27,stored
CONT783,B,70,in_transit
CONT784,C,83,stored
CONT785,B,42,stored
CONT786,C,6,in_transit
CONT787,C,30,stored
CONT788,C,30,stored
CONT789,A,23,stored
CONT790,A,80,in_transit
CONT791,A,68,stored
CONT792,A,99,in_transit
CONT793,C,40,stored
CONT794,A,42,in_transit
CONT795,B,15,in_transit
CONT796,A,22,stored
CONT797,C,38,in_transit
CONT798,C,12,stored
CONT799,B,62,in_transit
CONT800,B,95,in_transit
CONT801,C,30,in_transit
CONT802,C,22,in_transit
CONT803,C,74,stored
CONT804,B,41,in_transit
CONT805,B,4,stored
CONT806,C,59,stored
CONT807,C,94,in_transit
CONT808,C,72,stored
CONT809,A,67,stored
CONT810,A,86,stored
CONT811,B,15,stored
CONT812,C,42,stored
CONT813,A,10,stored
CONT814,A,72,in_transit
CONT815,C,5,stored
CONT816,B,54,stored
CONT817,B,22,stored
CONT818,B,28,stored
CONT819,B,76,in_transit
CONT820,A,14,stored
CONT821,A,82,stored
CONT822,C,87,stored
CONT823,A,39,stored
CONT824,B,83,stored
CONT825,C,22,in_transit
CONT826,C,92,in_transit
CONT827,A,92,in_transit
CONT828,A,11,in_transit
CONT829,B,75,in_transit
CONT830,C,5,stored
CONT831,C,20,stored
CONT832,C,11,stored
CONT833,B,99,stored
CONT834,A,40,in_transit
CONT835,C,82,stored
CONT836,C,53,stored
CONT837,A,39,in_transit
CONT838,A,60,stored
CONT839,A,16,in_transit
CONT840,C,70,in_transit
CONT841,A,20,in_transit
CONT842,A,87,stored
CONT843,A,49,stored
CONT844,C,84,in_transit
CONT845,A,23,in_transit
CONT846,B,86,in_transit
CONT847,B,13,in_transit
CONT848,A,62,in_transit
CONT849,A,72,stored
CONT850,B,51,stored
CONT851,A,85,stored
CONT852,C,59,in_transit
CONT853,A,58,in_transit
CONT854,A,84,in_transit
CONT855,B,81,in_transit
CONT856,C,64,in_transit
CONT857,A,40,in_transit
CONT858,A,59,stored
CONT859,C,91,in_transit
CONT860,B,12,in_transit
CONT861,B,29,in_transit
CONT862,B,96,in_transit
CONT863,B,55,stored
CONT864,B,91,stored
CONT865,B,17,stored
CONT866,B,90,in_transit
CONT867,B,24,in_transit
CONT868,B,96,stored
CONT869,B,7,stored
CONT870,A,46,in_transit
CONT871,C,91,stored
CONT872,A,82,stored
CONT873,B,35,stored
CONT874,B,42,stored
CONT875,A,71,in_transit
CONT876,A,48,in_transit
CONT877,B,7,in_transit
CONT878,A,75,in_transit
CONT879,B,95,stored
CONT880,A,99,stored
CONT881,A,41,stored
CONT882,A,68,stored
CONT883,B,94,stored
CONT884,C,42,in_transit
CONT885,B,95,in_transit
CONT886,A,98,in_transit
CONT887,B,35,stored
CONT888,A,35,stored
CONT889,C,80,in_transit
CONT890,C,46,in_transit
CONT891,B,90,in_transit
CONT892,B,83,in_transit
CONT893,B,52,in_transit
CONT894,B,40,in_transit
CONT895,A,80,in_transit
CONT896,C,3,stored
CONT897,B,13,in_transit
CONT898,A,19,in_transit
CONT899,A,13,stored
CONT900,B,12,in_transit
CONT901,B,100,in_transit
CONT902,C,94,in_transit
CONT903,B,78,stored
CONT904,C,15,stored
CONT905,B,66,in_transit
CONT906,A,8,in_transit
CONT907,B,99,stored
CONT908,C,100,stored
CONT909,C,100,stored
CONT910,B,77,stored
CONT911,C,58,in_transit
CONT912,C,95,stored
CONT913,A,79,in_transit
CONT914,C,3,stored
CONT915,B,49,in_transit
CONT916,A,35,in_transit
CONT917,B,88,in_transit
CONT918,B,8,stored
CONT919,B,100,stored
CONT920,B,56,in_transit
CONT921,B,11,stored
CONT922,C,10,in_transit
CONT923,B,14,stored
CONT924,A,28,in_transit
CONT925,B,18,in_transit
CONT926,B,30,stored
CONT927,B,49,stored
CONT928,C,61,stored
CONT929,A,85,stored
CONT930,A,16,in_transit
CONT931,C,47,in_transit
CONT932,C,76,stored
CONT933,A,77,in_transit
CONT934,B,52,stored
CONT935,B,88,stored
CONT936,B,88,stored
CONT937,A,46,in_transit
CONT938,B,72,stored
CONT939,A,35,stored
CONT940,C,64,stored
CONT941,A,51,stored
CONT942,A,61,stored
CONT943,C,11,in_transit
CONT944,A,63,stored
CONT945,B,87,stored
CONT946,A,12,stored
CONT947,C,44,in_transit
CONT948,B,98,stored
CONT949,C,85,stored
CONT950,B,27,stored
CONT951,B,12,in_transit
CONT952,C,98,in_transit
CONT953,A,17,stored
CONT954,A,68,in_transit
CONT955,A,16,in_transit
CONT956,A,58,stored
CONT957,B,15,stored
CONT958,C,34,stored
CONT959,B,56,in_transit
CONT960,C,37,stored
CONT961,C,12,in_transit
CONT962,A,1,stored
CONT963,B,83,in_transit
CONT964,C,64,stored
CONT965,B,45,stored
CONT966,B,26,in_transit
CONT967,C,96,stored
CONT968,C,51,stored
CONT969,A,34,in_transit
CONT970,B,28,in_transit
CONT971,A,67,in_transit
CONT972,C,39,in_transit
CONT973,B,93,in_transit
CONT974,A,100,in_transit
CONT975,A,20,in_transit
CONT976,A,84,in_transit
CONT977,A,9,stored
CONT978,B,17,stored
CONT979,C,31,in_transit
CONT980,C,69,stored
CONT981,B,76,stored
CONT982,C,75,in_transit
CONT983,C,38,in_transit
CONT984,C,34,in_transit
CONT985,A,33,in_transit
CONT986,A,30,stored
CONT987,B,51,in_transit
CONT988,B,3,in_transit
CONT989,B,27,in_transit
CONT990,A,57,in_transit
CONT991,C,31,in_transit
CONT992,C,22,in_transit
CONT993,B,11,in_transit
CONT994,A,72,in_transit
CONT995,A,47,stored
CONT996,B,100,stored
CONT997,C,5,in_transit
CONT998,C,18,in_transit
CONT999,B,52,stored
CONT1000,C,12,stored
CONT1001,B,100,in_transit
CONT1002,C,83,stored
CONT1003,C,83,in_transit
CONT1004,C,99,in_transit
CONT1005,C,99,in_transit
CONT1006,B,83,stored
CONT1007,C,73,in_transit
CONT1008,C,34,stored
CONT1009,A,93,in_transit
CONT1010,A,39,stored
CONT1011,C,38,in_transit
CONT1012,B,66,stored
CONT1013,B,93,stored
CONT1014,A,62,in_transit
CONT1015,A,11,stored
CONT1016,B,80,stored
CONT1017,C,22,in_transit
CONT1018,B,49,stored
CONT1019,C,4,in_transit
CONT1020,B,29,in_transit
CONT1021,B,34,in_transit
CONT1022,A,3,in_transit
CONT1023,A,36,stored
CONT1024,B,21,stored
CONT1025,C,61,stored
CONT1026,B,70,stored
CONT1027,B,30,in_transit
CONT1028,A,47,stored
CONT1029,C,58,stored
CONT1030,C,26,stored
CONT1031,B,97,in_transit
CONT1032,C,29,in_transit
CONT1033,A,12,in_transit
CONT1034,B,95,stored
CONT1035,A,81,stored
CONT1036,B,12,in_transit
CONT1037,A,43,stored
CONT1038,A,53,in_transit
CONT1039,B,32,in_transit
CONT1040,B,35,in_transit
CONT1041,C,52,in_transit
CONT1042,C,48,in_transit
CONT1043,B,72,stored
CONT1044,C,97,stored
CONT1045,C,46,in_transit
CONT1046,C,80,stored
CONT1047,A,88,in_transit
CONT1048,C,39,in_transit
CONT1049,C,87,stored
CONT1050,A,40,in_transit
CONT1051,C,56,in_transit
CONT1052,B,54,stored
CONT1053,B,94,stored
CONT1054,A,64,in_transit
CONT1055,A,64,stored
CONT1056,B,79,stored
CONT1057,C,90,in_transit
CONT1058,B,20,stored
CONT1059,A,4,in_transit
CONT1060,B,32,in_transit
CONT1061,B,8,stored
CONT1062,B,50,in_transit
CONT1063,B,76,stored
CONT1064,C,33,stored
CONT1065,C,50,in_transit
CONT1066,A,27,in_transit
CONT1067,A,95,stored
CONT1068,A,82,in_transit
CONT1069,A,11,in_transit
CONT1070,A,41,stored
CONT1071,B,52,in_transit
CONT1072,B,82,in_transit
CONT1073,B,80,stored
CONT1074,A,41,stored
CONT1075,C,28,stored
CONT1076,A,50,stored
CONT1077,C,69,in_transit
CONT1078,B,72,stored
CONT1079,C,46,stored
CONT1080,A,79,stored
CONT1081,C,8,stored
CONT1082,A,51,stored
CONT1083,A,90,in_transit
CONT1084,A,9,in_transit
CONT1085,B,41,stored
CONT1086,A,97,stored
CONT1087,B,87,stored
CONT1088,A,31,stored
CONT1089,C,98,stored
CONT1090,C,56,stored
CONT1091,C,38,in_transit
CONT1092,C,91,stored
CONT1093,A,81,in_transit
CONT1094,C,23,in_transit
CONT1095,B,99,in_transit
CONT1096,A,37,in_transit
CONT1097,C,52,stored
CONT1098,A,80,in_transit
CONT1099,C,45,stored
CONT1100,B,100,stored
CONT1101,C,66,in_transit
CONT1102,C,49,stored
CONT1103,B,36,in_transit
CONT1104,B,76,in_transit
CONT1105,C,58,stored
CONT1106,B,50,in_transit
CONT1107,C,42,in_transit
CONT1108,C,76,in_transit
CONT1109,B,62,stored
CONT1110,B,27,in_transit
CONT1111,A,36,in_transit
CONT1112,C,45,in_transit
CONT1113,B,10,in_transit
CONT1114,B,57,in_transit
CONT1115,C,29,in_transit
CONT1116,A,15,in_transit
CONT1117,A,21,stored
CONT1118,C,98,in_transit
CONT1119,B,24,in_transit
CONT1120,C,79,stored
CONT1121,A,35,in_transit
CONT1122,C,15,stored
CONT1123,B,8,in_transit
CONT1124,C,89,stored
CONT1125,C,40,stored
CONT1126,C,8,stored
CONT1127,B,63,stored
CONT1128,C,92,in_transit
CONT1129,C,59,in_transit
CONT1130,C,88,in_transit
CONT1131,C,27,stored
CONT1132,B,13,in_transit
CONT1133,C,48,in_transit
CONT1134,B,59,in_transit
CONT1135,C,72,in_transit
CONT1136,C,50,in_transit
CONT1137,A,12,stored
CONT1138,A,49,in_transit
CONT1139,A,94,in_transit
CONT1140,A,5,in_transit
CONT1141,B,76,stored
CONT1142,B,17,in_transit
CONT1143,C,93,in_transit
CONT1144,A,25,stored
CONT1145,A,39,stored
CONT1146,A,70,stored
CONT1147,A,26,stored
CONT1148,C,10,stored
CONT1149,C,54,in_transit
CONT1150,B,95,stored
CONT1151,B,71,stored
CONT1152,B,22,stored
CONT1153,A,75,stored
CONT1154,A,41,in_transit
CONT1155,B,11,in_transit
CONT1156,B,99,stored
CONT1157,B,18,in_transit
CONT1158,A,67,in_transit
CONT1159,A,69,in_transit
CONT1160,A,89,stored
CONT1161,C,38,in_transit
CONT1162,A,41,stored
CONT1163,A,68,stored
CONT1164,A,12,in_transit
CONT1165,B,65,stored
CONT1166,B,78,in_transit
CONT1167,A,50,stored
CONT1168,A,6,in_transit
CONT1169,C,20,in_transit
CONT1170,B,66,in_transit
CONT1171,B,98,stored
CONT1172,A,55,stored
CONT1173,B,22,in_transit
CONT1174,C,95,in_transit
CONT1175,B,23,in_transit
CONT1176,B,72,in_transit
CONT1177,B,90,in_transit
CONT1178,B,11,stored
CONT1179,A,67,stored
CONT1180,C,64,in_transit
CONT1181,C,48,in_transit
CONT1182,C,7,in_transit
CONT1183,C,34,stored
CONT1184,A,86,stored
CONT1185,C,62,stored
CONT1186,B,71,in_transit
CONT1187,C,83,stored
CONT1188,B,78,in_transit
CONT1189,B,36,in_transit
CONT1190,A,42,in_transit
CONT1191,B,92,in_transit
CONT1192,C,21,stored
CONT1193,B,71,in_transit
CONT1194,B,83,stored
CONT1195,C,80,in_transit
CONT1196,B,78,in_transit
CONT1197,A,75,in_transit
CONT1198,A,70,stored
CONT1199,C,13,in_transit
CONT1200,A,44,stored
CONT1201,B,62,in_transit
CONT1202,C,44,stored
CONT1203,B,84,in_transit
CONT1204,B,12,in_transit
CONT1205,B,56,in_transit
CONT1206,B,25,in_transit
CONT1207,B,82,in_transit
CONT1208,A,68,stored
CONT1209,B,20,in_transit
CONT1210,A,85,in_transit
CONT1211,B,59,in_transit
CONT1212,C,11,in_transit
CONT1213,B,28,in_transit
CONT1214,B,90,in_transit
CONT1215,C,51,stored
CONT1216,A,13,stored
CONT1217,B,79,in_transit
CONT1218,B,76,stored
CONT1219,B,100,in_transit
CONT1220,A,86,stored
CONT1221,C,82,stored
CONT1222,A,67,stored
CONT1223,A,70,stored
CONT1224,A,41,stored
CONT1225,B,81,stored
CONT1226,A,79,in_transit
CONT1227,B,92,in_transit
CONT1228,B,87,in_transit
CONT1229,B,81,in_transit
CONT1230,B,15,stored
CONT1231,C,5,stored
CONT1232,A,23,in_transit
CONT1233,A,18,stored
CONT1234,C,58,in_transit
CONT1235,C,71,stored
CONT1236,C,70,in_transit
CONT1237,C,92,stored
CONT1238,C,63,stored
CONT1239,B,49,stored
CONT1240,B,82,stored
CONT1241,A,9,in_transit
CONT1242,A,57,in_transit
CONT1243,B,6,stored
CONT1244,B,87,in_transit
CONT1245,A,10,stored
CONT1246,B,53,stored
CONT1247,A,60,stored
CONT1248,B,79,stored
CONT1249,C,30,in_transit
CONT1250,A,80,stored
CONT1251,C,52,in_transit
CONT1252,B,86,in_transit
CONT1253,B,28,in_transit
CONT1254,B,56,stored
CONT1255,B,61,stored
CONT1256,A,58,in_transit
CONT1257,C,48,in_transit
CONT1258,C,6,in_transit
CONT1259,C,71,stored
CONT1260,A,99,stored
CONT1261,C,50,stored
CONT1262,A,96,in_transit
CONT1263,C,43,in_transit
CONT1264,A,25,stored
CONT1265,C,98,in_transit
CONT1266,A,88,stored
CONT1267,A,85,in_transit
CONT1268,A,32,stored
CONT1269,A,24,in_transit
CONT1270,B,85,in_transit
CONT1271,A,68,stored
CONT1272,C,6,stored
CONT1273,C,65,in_transit
CONT1274,B,12,in_transit
CONT1275,A,97,stored
CONT1276,A,56,stored
CONT1277,B,81,in_transit
CONT1278,A,13,stored
CONT1279,C,69,stored
CONT1280,A,33,stored
CONT1281,B,7,in_transit
CONT1282,C,95,stored
CONT1283,A,75,stored
CONT1284,C,12,stored
CONT1285,A,71,stored
CONT1286,A,9,in_transit
CONT1287,C,87,stored
CONT1288,A,53,stored
CONT1289,A,85,in_transit
CONT1290,C,74,stored
CONT1291,A,27,in_transit
CONT1292,C,47,in_transit
CONT1293,A,96,in_transit
CONT1294,C,50,in_transit
CONT1295,B,50,stored
CONT1296,A,73,stored
CONT1297,B,23,stored
CONT1298,C,80,in_transit
CONT1299,A,27,stored
CONT1300,C,96,in_transit
CONT1301,C,45,stored
CONT1302,A,61,in_transit
CONT1303,C,74,stored
CONT1304,B,83,stored
CONT1305,A,20,stored
CONT1306,C,49,stored
CONT1307,C,96,in_transit
CONT1308,C,60,stored
CONT1309,A,59,stored
CONT1310,A,87,in_transit
CONT1311,A,97,stored
CONT1312,A,5,stored
CONT1313,A,17,in_transit
CONT1314,C,30,stored
CONT1315,B,72,stored
CONT1316,B,10,stored
CONT1317,A,84,stored
CONT1318,B,90,in_transit
CONT1319,C,56,stored
CONT1320,B,90,stored
CONT1321,A,54,stored
CONT1322,C,47,stored
CONT1323,B,45,in_transit
CONT1324,A,4,stored
CONT1325,A,75,stored
CONT1326,B,93,in_transit
CONT1327,C,21,stored
CONT1328,C,57,in_transit
CONT1329,A,57,in_transit
CONT1330,C,37,stored
CONT1331,C,92,stored
CONT1332,B,47,stored
CONT1333,C,81,in_transit
CONT1334,C,62,stored
CONT1335,A,10,in_transit
CONT1336,A,55,in_transit
CONT1337,A,46,stored
CONT1338,A,96,in_transit
CONT1339,A,28,in_transit
CONT1340,B,57,stored
CONT1341,A,62,in_transit
CONT1342,A,62,stored
CONT1343,B,76,in_transit
CONT1344,B,4,stored
CONT1345,C,36,in_transit
CONT1346,B,87,stored
CONT1347,C,70,in_transit
CONT1348,A,27,in_transit
CONT1349,B,6,stored
CONT1350,C,71,in_transit
CONT1351,B,4,stored
CONT1352,B,8,stored
CONT1353,B,43,in_transit
CONT1354,A,19,in_transit
CONT1355,A,67,stored
CONT1356,B,73,in_transit
CONT1357,C,6,in_transit
CONT1358,B,99,stored
CONT1359,B,30,in_transit
CONT1360,A,45,stored
CONT1361,A,68,stored
CONT1362,A,63,stored
CONT1363,B,15,in_transit
CONT1364,C,96,in_transit
CONT1365,B,42,in_transit
CONT1366,B,48,in_transit
CONT1367,B,75,stored
CONT1368,A,42,in_transit
CONT1369,B,50,in_transit
CONT1370,A,33,in_transit
CONT1371,A,12,in_transit
CONT1372,A,91,in_transit
CONT1373,A,23,in_transit
CONT1374,C,39,stored
CONT1375,A,34,in_transit
CONT1376,C,46,in_transit
CONT1377,C,73,stored
CONT1378,B,81,in_transit
CONT1379,B,75,stored
CONT1380,C,68,stored
CONT1381,A,26,stored
CONT1382,A,34,stored
CONT1383,C,79,stored
CONT1384,B,48,in_transit
CONT1385,C,67,in_transit
CONT1386,C,71,in_transit
CONT1387,B,70,in_transit
CONT1388,B,63,stored
CONT1389,A,49,in_transit
CONT1390,C,87,in_transit
CONT1391,A,10,in_transit
CONT1392,B,97,stored
CONT1393,C,94,in_transit
CONT1394,A,75,in_transit
CONT1395,C,69,in_transit
CONT1396,C,79,in_transit
CONT1397,C,100,stored
CONT1398,A,20,stored
CONT1399,B,38,stored
CONT1400,A,80,in_transit
CONT1401,A,35,stored
CONT1402,B,30,stored
CONT1403,A,79,in_transit
CONT1404,A,92,stored
CONT1405,B,39,in_transit
CONT1406,A,68,stored
CONT1407,A,1,stored
CONT1408,A,94,in_transit
CONT1409,A,62,stored
CONT1410,C,9,in_transit
CONT1411,A,8,in_transit
CONT1412,C,5,in_transit
CONT1413,A,24,stored
CONT1414,B,43,stored
CONT1415,A,55,in_transit
CONT1416,B,59,stored
CONT1417,A,55,stored
CONT1418,C,75,stored
CONT1419,C,87,stored
CONT1420,B,90,in_transit
CONT1421,A,75,in_transit
CONT1422,B,79,in_transit
CONT1423,A,25,in_transit
CONT1424,B,14,in_transit
CONT1425,B,61,stored
CONT1426,B,37,in_transit
CONT1427,C,26,in_transit
CONT1428,B,79,stored
CONT1429,B,97,in_transit
CONT1430,B,99,in_transit
CONT1431,C,24,in_transit
CONT1432,B,6,in_transit
CONT1433,C,19,stored
CONT1434,C,75,in_transit
CONT1435,A,46,in_transit
CONT1436,A,79,in_transit
CONT1437,A,61,stored
CONT1438,C,62,in_transit
CONT1439,B,44,stored
CONT1440,A,38,in_transit
CONT1441,C,47,stored
CONT1442,B,6,in_transit
CONT1443,B,37,in_transit
CONT1444,C,12,stored
CONT1445,B,28,stored
CONT1446,C,47,stored
CONT1447,C,39,in_transit
CONT1448,B,2,stored
CONT1449,B,10,stored
CONT1450,C,2,in_transit
CONT1451,B,43,in_transit
CONT1452,C,36,in_transit
CONT1453,A,9,in_transit
CONT1454,A,56,in_transit
CONT1455,C,80,stored
CONT1456,C,91,stored
CONT1457,B,76,stored
CONT1458,B,43,in_transit
CONT1459,C,87,stored
CONT1460,A,89,stored
CONT1461,C,8,stored
CONT1462,A,28,stored
CONT1463,C,77,in_transit
CONT1464,C,2,stored
CONT1465,C,35,stored
CONT1466,C,76,in_transit
CONT1467,A,67,stored
CONT1468,C,21,in_transit
CONT1469,C,31,in_transit
CONT1470,A,90,in_transit
CONT1471,C,88,in_transit
CONT1472,B,55,stored
CONT1473,A,42,in_transit
CONT1474,B,86,in_transit
CONT1475,A,52,in_transit
CONT1476,C,44,in_transit
CONT1477,B,46,stored
CONT1478,B,73,stored
CONT1479,C,36,stored
CONT1480,A,93,in_transit
CONT1481,A,62,stored
CONT1482,C,50,in_transit
CONT1483,A,27,stored
CONT1484,B,21,in_transit
CONT1485,C,27,in_transit
CONT1486,A,89,in_transit
CONT1487,C,12,in_transit
CONT1488,B,83,in_transit
CONT1489,C,85,stored
CONT1490,A,92,stored
CONT1491,C,41,in_transit
CONT1492,C,23,stored
CONT1493,A,30,stored
CONT1494,C,60,in_transit
CONT1495,C,32,in_transit
CONT1496,B,80,in_transit
CONT1497,A,34,in_transit
CONT1498,C,53,stored
CONT1499,C,56,in_transit
CONT1500,A,84,stored
CONT1501,B,49,stored
CONT1502,C,61,stored
CONT1503,B,37,in_transit
CONT1504,A,52,stored
CONT1505,C,58,in_transit
CONT1506,C,76,in_transit
CONT1507,A,63,in_transit
CONT1508,B,69,in_transit
CONT1509,A,94,stored
CONT1510,B,73,stored
CONT1511,C,16,stored
CONT1512,A,78,stored
CONT1513,B,4,in_transit
CONT1514,A,97,stored
CONT1515,C,90,in_transit
CONT1516,B,61,in_transit
CONT1517,B,25,stored
CONT1518,A,1,in_transit
CONT1519,B,74,in_transit
CONT1520,B,81,in_transit
CONT1521,C,42,stored
CONT1522,B,23,in_transit
CONT1523,B,24,stored
CONT1524,B,74,in_transit
CONT1525,C,40,stored
CONT1526,A,81,stored
CONT1527,A,13,in_transit
CONT1528,A,81,in_transit
CONT1529,A,80,in_transit
CONT1530,C,83,stored
CONT1531,B,81,stored
CONT1532,B,81,stored
CONT1533,A,3,stored
CONT1534,B,44,stored
CONT1535,B,82,in_transit
CONT1536,C,1,in_transit
CONT1537,C,77,in_transit
CONT1538,B,51,in_transit
CONT1539,A,89,in_transit
CONT1540,C,3,in_transit
CONT1541,B,16,in_transit
CONT1542,A,40,stored
CONT1543,A,98,stored
CONT1544,B,62,stored
CONT1545,C,89,in_transit
CONT1546,C,43,in_transit
CONT1547,A,96,in_transit
CONT1548,B,65,in_transit
CONT1549,C,19,in_transit
CONT1550,B,43,in_transit
CONT1551,B,27,stored
CONT1552,B,41,in_transit
CONT1553,C,25,stored
CONT1554,C,58,stored
CONT1555,B,21,in_transit
CONT1556,B,9,stored
CONT1557,A,13,in_transit
CONT1558,B,24,in_transit
CONT1559,B,19,stored
CONT1560,B,52,stored
CONT1561,C,20,stored
CONT1562,C,68,in_transit
CONT1563,C,6,in_transit
CONT1564,C,83,stored
CONT1565,B,69,stored
CONT1566,B,76,in_transit
CONT1567,B,8,in_transit
CONT1568,A,47,in_transit
CONT1569,B,33,stored
CONT1570,C,41,in_transit
CONT1571,A,20,stored
CONT1572,A,100,stored
CONT1573,A,34,stored
CONT1574,B,15,in_transit
CONT1575,B,23,stored
CONT1576,A,57,stored
CONT1577,C,75,stored
CONT1578,B,98,in_transit
CONT1579,C,34,in_transit
CONT1580,A,32,in_transit
CONT1581,A,97,in_transit
CONT1582,B,45,stored
CONT1583,C,71,stored
CONT1584,B,95,stored
CONT1585,C,85,stored
CONT1586,A,60,stored
CONT1587,B,85,in_transit
CONT1588,C,6,stored
CONT1589,A,12,stored
CONT1590,B,78,in_transit
CONT1591,C,62,in_transit
CONT1592,C,73,in_transit
CONT1593,A,76,stored
CONT1594,A,98,in_transit
CONT1595,B,51,stored
CONT1596,A,57,stored
CONT1597,A,89,in_transit
CONT1598,C,50,in_transit
CONT1599,A,35,in_transit
CONT1600,C,36,in_transit
CONT1601,C,46,in_transit
CONT1602,A,8,in_transit
CONT1603,A,4,stored
CONT1604,B,88,in_transit
CONT1605,A,18,stored
CONT1606,A,48,in_transit
CONT1607,A,11,in_transit
CONT1608,A,29,stored
CONT1609,B,10,in_transit
CONT1610,C,78,in_transit
CONT1611,C,11,stored
CONT1612,A,61,stored
CONT1613,C,43,stored
CONT1614,A,90,in_transit
CONT1615,B,10,in_transit
CONT1616,C,38,stored
CONT1617,C,33,stored
CONT1618,B,63,stored
CONT1619,C,49,in_transit
CONT1620,A,97,in_transit
CONT1621,C,80,in_transit
CONT1622,C,70,in_transit
CONT1623,B,79,in_transit
CONT1624,C,62,in_transit
CONT1625,C,2,stored
CONT1626,A,16,stored
CONT1627,B,71,stored
CONT1628,A,80,in_transit
CONT1629,C,81,stored
CONT1630,A,36,stored
CONT1631,A,80,in_transit
CONT1632,C,24,in_transit
CONT1633,A,85,stored
CONT1634,B,100,in_transit
CONT1635,A,59,in_transit
CONT1636,B,77,stored
CONT1637,B,75,in_transit
CONT1638,B,47,stored
CONT1639,A,9,stored
CONT1640,C,51,in_transit
CONT1641,B,56,stored
CONT1642,A,5,in_transit
CONT1643,A,83,stored
CONT1644,B,44,stored
CONT1645,A,61,stored
CONT1646,C,91,stored
CONT1647,B,55,stored
CONT1648,B,38,stored
CONT1649,C,12,in_transit
CONT1650,B,80,in_transit
CONT1651,C,24,in_transit
CONT1652,A,48,stored
CONT1653,A,43,stored
CONT1654,C,65,in_transit
CONT1655,C,12,stored
CONT1656,C,41,in_transit
CONT1657,C,11,in_transit
CONT1658,B,31,in_transit
CONT1659,B,23,in_transit
CONT1660,A,30,in_transit
CONT1661,B,57,stored
CONT1662,C,17,in_transit
CONT1663,A,1,stored
CONT1664,A,77,stored
CONT1665,C,19,in_transit
CONT1666,B,86,in_transit
CONT1667,B,82,stored
CONT1668,C,32,stored
CONT1669,B,12,in_transit
CONT1670,B,78,in_transit
CONT1671,A,19,stored
CONT1672,C,82,in_transit
CONT1673,B,93,in_transit
CONT1674,C,38,in_transit
CONT1675,A,3,stored
CONT1676,B,29,in_transit
CONT1677,C,92,stored
CONT1678,A,29,stored
CONT1679,C,48,in_transit
CONT1680,B,43,stored
CONT1681,A,12,stored
CONT1682,A,91,in_transit
CONT1683,B,38,stored
CONT1684,C,90,in_transit
CONT1685,C,67,in_transit
CONT1686,A,5,in_transit
CONT1687,A,82,stored
CONT1688,B,92,stored
CONT1689,C,42,stored
CONT1690,B,83,stored
CONT1691,C,8,stored
CONT1692,A,97,in_transit
CONT1693,C,59,in_transit
CONT1694,A,47,stored
CONT1695,A,56,stored
CONT1696,B,22,stored
CONT1697,A,4,stored
CONT1698,C,97,in_transit
CONT1699,C,11,stored
CONT1700,B,37,stored
CONT1701,C,7,stored
CONT1702,B,2,in_transit
CONT1703,C,78,stored
CONT1704,B,12,stored
CONT1705,C,65,stored
CONT1706,B,6,in_transit
CONT1707,B,70,in_transit
CONT1708,C,77,stored
CONT1709,A,85,stored
CONT1710,C,59,in_transit
CONT1711,A,37,stored
CONT1712,C,39,stored
CONT1713,B,91,in_transit
CONT1714,A,74,in_transit
CONT1715,B,2,stored
CONT1716,A,23,in_transit
CONT1717,B,75,stored
CONT1718,C,83,in_transit
CONT1719,B,85,in_transit
CONT1720,A,28,stored
CONT1721,B,79,in_transit
CONT1722,C,87,stored
CONT1723,A,54,stored
CONT1724,C,42,stored
CONT1725,C,21,stored
CONT1726,A,33,stored
CONT1727,C,81,stored
CONT1728,C,28,in_transit
CONT1729,B,3,in_transit
CONT1730,A,28,stored
CONT1731,B,68,stored
CONT1732,C,75,in_transit
CONT1733,B,14,stored
CONT1734,A,3,stored
CONT1735,B,94,in_transit
CONT1736,B,34,stored
CONT1737,A,50,stored
CONT1738,C,94,stored
CONT1739,C,31,in_transit
CONT1740,C,61,in_transit
CONT1741,A,99,in_transit
CONT1742,B,20,stored
CONT1743,B,12,stored
CONT1744,C,78,stored
CONT1745,B,56,in_transit
CONT1746,A,64,in_transit
CONT1747,B,88,stored
CONT1748,C,88,in_transit
CONT1749,A,75,in_transit
CONT1750,B,21,in_transit
CONT1751,A,66,stored
CONT1752,C,64,stored
CONT1753,C,34,in_transit
CONT1754,B,62,stored
CONT1755,C,62,stored
CONT1756,A,39,in_transit
CONT1757,C,62,in_transit
CONT1758,B,33,in_transit
CONT1759,C,84,stored
CONT1760,A,17,in_transit
CONT1761,A,68,stored
CONT1762,B,73,stored
CONT1763,B,14,stored
CONT1764,C,5,in_transit
CONT1765,B,20,stored
CONT1766,B,36,stored
CONT1767,A,36,in_transit
CONT1768,C,74,in_transit
CONT1769,A,47,in_transit
CONT1770,A,34,in_transit
CONT1771,B,52,stored
CONT1772,B,32,stored
CONT1773,C,60,stored
CONT1774,A,15,stored
CONT1775,C,100,stored
CONT1776,C,13,stored
CONT1777,B,68,stored
CONT1778,B,12,stored
CONT1779,C,91,stored
CONT1780,A,97,in_transit
CONT1781,B,76,in_transit
CONT1782,B,49,in_transit
CONT1783,A,13,in_transit
CONT1784,B,24,stored
CONT1785,B,27,stored
CONT1786,C,5,stored
CONT1787,B,17,in_transit
CONT1788,B,87,in_transit
CONT1789,A,7,stored
CONT1790,C,91,in_transit
CONT1791,C,78,stored
CONT1792,A,25,stored
CONT1793,C,82,in_transit
CONT1794,A,20,in_transit
CONT1795,B,6,stored
CONT1796,B,38,in_transit
CONT1797,A,28,in_transit
CONT1798,C,80,stored
CONT1799,A,12,stored
CONT1800,A,31,stored
CONT1801,B,84,stored
CONT1802,B,54,stored
CONT1803,C,79,stored
CONT1804,C,81,in_transit
CONT1805,B,84,in_transit
CONT1806,B,98,stored
CONT1807,A,32,in_transit
CONT1808,C,42,stored
CONT1809,C,6,in_transit
CONT1810,A,86,in_transit
CONT1811,C,61,in_transit
CONT1812,B,57,in_transit
CONT1813,B,36,in_transit
CONT1814,A,90,stored
CONT1815,C,44,in_transit
CONT1816,B,35,in_transit
CONT1817,B,60,in_transit
CONT1818,C,20,stored
CONT1819,C,74,stored
CONT1820,A,100,in_transit
CONT1821,C,66,in_transit
CONT1822,B,5,in_transit
CONT1823,A,13,in_transit
CONT1824,B,35,stored
CONT1825,A,98,in_transit
CONT1826,B,21,in_transit
CONT1827,B,89,stored
CONT1828,B,15,stored
CONT1829,A,52,stored
CONT1830,B,95,stored
CONT1831,B,24,stored
CONT1832,C,47,in_transit
CONT1833,C,48,in_transit
CONT1834,C,94,in_transit
CONT1835,B,77,stored
CONT1836,B,17,in_transit
CONT1837,C,47,stored
CONT1838,C,38,stored
CONT1839,A,53,in_transit
CONT1840,C,16,stored
CONT1841,B,67,in_transit
CONT1842,B,1,in_transit
CONT1843,C,87,in_transit
CONT1844,B,57,in_transit
CONT1845,B,7,stored
CONT1846,B,12,stored
CONT1847,B,81,stored
CONT1848,A,47,in_transit
CONT1849,B,6,stored
CONT1850,A,83,in_transit
CONT1851,B,24,in_transit
CONT1852,A,62,in_transit
CONT1853,C,91,in_transit
CONT1854,B,40,stored
CONT1855,B,4,in_transit
CONT1856,B,25,in_transit
CONT1857,B,26,in_transit
CONT1858,C,23,stored
CONT1859,A,62,in_transit
CONT1860,B,86,in_transit
CONT1861,C,89,stored
CONT1862,C,37,in_transit
CONT1863,A,76,stored
CONT1864,A,15,stored
CONT1865,B,71,in_transit
CONT1866,A,53,stored
CONT1867,B,70,stored
CONT1868,C,58,in_transit
CONT1869,C,8,in_transit
CONT1870,A,53,in_transit
CONT1871,B,57,in_transit
CONT1872,A,28,in_transit
CONT1873,C,27,in_transit
CONT1874,B,65,stored
CONT1875,C,58,stored
CONT1876,C,68,in_transit
CONT1877,B,21,in_transit
CONT1878,B,1,stored
CONT1879,C,61,stored
CONT1880,A,41,stored
CONT1881,C,42,stored
CONT1882,C,83,stored
CONT1883,C,16,in_transit
CONT1884,C,30,in_transit
CONT1885,C,92,in_transit
CONT1886,A,53,in_transit
CONT1887,B,77,stored
CONT1888,C,37,in_transit
CONT1889,B,28,stored
CONT1890,B,61,stored
CONT1891,B,17,in_transit
CONT1892,A,48,in_transit
CONT1893,B,66,stored
CONT1894,A,52,in_transit
CONT1895,B,12,stored
CONT1896,C,6,in_transit
CONT1897,A,96,in_transit
CONT1898,B,31,in_transit
CONT1899,C,49,stored
CONT1900,A,29,in_transit
CONT1901,A,93,stored
CONT1902,B,46,stored
CONT1903,A,87,stored
CONT1904,C,35,stored
CONT1905,B,43,stored
CONT1906,A,29,in_transit
CONT1907,A,7,stored
CONT1908,B,11,stored
CONT1909,A,27,in_transit
CONT1910,A,78,stored
CONT1911,B,61,in_transit
CONT1912,A,100,in_transit
CONT1913,B,67,in_transit
CONT1914,C,26,stored
CONT1915,B,69,in_transit
CONT1916,A,63,in_transit
CONT1917,B,45,stored
CONT1918,B,96,in_transit
CONT1919,C,83,in_transit
CONT1920,B,73,stored
CONT1921,C,13,stored
CONT1922,B,52,stored
CONT1923,B,7,stored
CONT1924,A,49,stored
CONT1925,B,63,stored
CONT1926,C,28,stored
CONT1927,A,86,stored
CONT1928,A,98,stored
CONT1929,B,7,in_transit
CONT1930,B,38,stored
CONT1931,B,60,in_transit
CONT1932,A,51,in_transit
CONT1933,A,15,in_transit
CONT1934,C,13,in_transit
CONT1935,B,36,in_transit
CONT1936,A,89,in_transit
CONT1937,C,64,in_transit
CONT1938,C,77,in_transit
CONT1939,B,8,in_transit
CONT1940,C,72,in_transit
CONT1941,C,30,stored
CONT1942,B,38,stored
CONT1943,C,28,stored
CONT1944,A,85,stored
CONT1945,C,87,stored
CONT1946,A,71,stored
CONT1947,C,83,stored
CONT1948,B,15,in_transit
CONT1949,C,26,stored
CONT1950,C,85,stored
CONT1951,A,68,stored
CONT1952,A,30,stored
CONT1953,A,41,stored
CONT1954,C,94,in_transit
CONT1955,A,54,in_transit
CONT1956,C,97,stored
CONT1957,A,39,in_transit
CONT1958,A,54,in_transit
CONT1959,C,62,in_transit
CONT1960,C,7,in_transit
CONT1961,A,98,in_transit
CONT1962,B,88,in_transit
CONT1963,C,44,in_transit
CONT1964,C,51,in_transit
CONT1965,B,87,in_transit
CONT1966,B,37,in_transit
CONT1967,B,99,in_transit
CONT1968,C,7,in_transit
CONT1969,B,20,in_transit
CONT1970,B,99,in_transit
CONT1971,B,93,stored
CONT1972,B,56,in_transit
CONT1973,C,7,stored
CONT1974,A,12,in_transit
CONT1975,C,49,stored
CONT1976,C,38,stored
CONT1977,B,35,in_transit
CONT1978,B,77,in_transit
CONT1979,A,38,in_transit
CONT1980,C,65,stored
CONT1981,A,28,stored
CONT1982,B,58,stored
CONT1983,C,18,in_transit
CONT1984,A,90,stored
CONT1985,A,70,in_transit
CONT1986,C,87,stored
CONT1987,A,46,stored
CONT1988,C,62,stored
CONT1989,A,3,stored
CONT1990,B,17,stored
CONT1991,A,83,in_transit
CONT1992,C,67,in_transit
CONT1993,A,10,stored
CONT1994,B,35,in_transit
CONT1995,A,65,in_transit
CONT1996,A,67,in_transit
CONT1997,B,65,in_transit
CONT1998,A,43,in_transit
CONT1999,A,87,in_transit
CONT2000,C,17,stored
CONT2001,B,95,stored
CONT2002,B,91,stored
CONT2003,C,83,in_transit
CONT2004,B,44,stored
CONT2005,A,69,stored
CONT2006,B,40,in_transit
CONT2007,C,96,in_transit
CONT2008,B,16,in_transit
CONT2009,B,55,stored
CONT2010,A,99,stored
CONT2011,C,71,stored
CONT2012,C,63,stored
CONT2013,A,65,stored
CONT2014,B,26,in_transit
CONT2015,A,34,stored
CONT2016,C,80,in_transit
CONT2017,C,47,in_transit
CONT2018,B,76,in_transit
CONT2019,B,70,stored
CONT2020,C,34,stored
CONT2021,C,71,in_transit
CONT2022,B,67,in_transit
CONT2023,C,30,in_transit
CONT2024,B,31,stored
CONT2025,A,76,stored
CONT2026,B,67,stored
CONT2027,A,20,in_transit
CONT2028,C,100,stored
CONT2029,A,17,in_transit
CONT2030,C,59,in_transit
CONT2031,A,42,in_transit
CONT2032,B,41,in_transit
CONT2033,A,97,in_transit
CONT2034,B,35,in_transit
CONT2035,B,76,stored
CONT2036,B,68,in_transit
CONT2037,A,76,in_transit
CONT2038,A,94,in_transit
CONT2039,B,93,in_transit
CONT2040,A,14,in_transit
CONT2041,C,31,in_transit
CONT2042,B,76,in_transit
CONT2043,B,76,stored
CONT2044,B,20,stored
CONT2045,A,36,in_transit
CONT2046,A,94,stored
CONT2047,B,92,in_transit
CONT2048,A,12,stored
CONT2049,A,70,in_transit
CONT2050,B,21,in_transit
CONT2051,B,22,in_transit
CONT2052,C,8,stored
CONT2053,A,24,in_transit
CONT2054,C,27,stored
CONT2055,C,96,stored
CONT2056,C,9,in_transit
CONT2057,B,88,stored
CONT2058,B,39,in_transit
CONT2059,B,35,stored
CONT2060,A,21,stored
CONT2061,B,10,stored
CONT2062,C,65,stored
CONT2063,B,40,stored
CONT2064,B,94,stored
CONT2065,C,89,in_transit
CONT2066,C,33,in_transit
CONT2067,B,36,stored
CONT2068,B,64,stored
CONT2069,C,80,in_transit
CONT2070,B,79,stored
CONT2071,C,57,in_transit
CONT2072,C,3,stored
CONT2073,C,24,stored
CONT2074,A,85,in_transit
CONT2075,B,60,stored
CONT2076,A,70,in_transit
CONT2077,A,98,stored
CONT2078,A,22,in_transit
CONT2079,B,43,stored
CONT2080,A,92,in_transit
CONT2081,B,31,stored
CONT2082,C,31,in_transit
CONT2083,B,76,stored
CONT2084,C,90,stored
CONT2085,A,11,in_transit
CONT2086,C,3,in_transit
CONT2087,B,96,stored
CONT2088,A,31,stored
CONT2089,A,35,in_transit
CONT2090,B,98,stored
CONT2091,B,47,in_transit
CONT2092,A,82,in_transit
CONT2093,B,91,in_transit
CONT2094,C,88,stored
CONT2095,B,73,stored
CONT2096,B,51,stored
CONT2097,A,53,stored
CONT2098,A,19,stored
CONT2099,C,12,in_transit
CONT2100,B,94,stored
CONT2101,B,16,stored
CONT2102,A,53,stored
CONT2103,C,11,stored
CONT2104,B,24,in_transit
CONT2105,B,66,in_transit
CONT2106,B,83,stored
CONT2107,B,99,stored
CONT2108,A,51,stored
CONT2109,C,92,stored
CONT2110,A,96,in_transit
CONT2111,C,14,in_transit
CONT2112,B,71,stored
CONT2113,A,20,stored
CONT2114,C,46,stored
CONT2115,B,23,in_transit
CONT2116,B,34,stored
CONT2117,A,55,in_transit
CONT2118,C,3,in_transit
CONT2119,B,97,in_transit
CONT2120,C,42,stored
CONT2121,A,46,in_transit
CONT2122,A,100,stored
CONT2123,C,95,stored
CONT2124,C,66,stored
CONT2125,A,87,in_transit
CONT2126,A,89,in_transit
CONT2127,B,51,in_transit
CONT2128,B,97,in_transit
CONT2129,B,90,stored
CONT2130,C,93,stored
CONT2131,C,90,in_transit
CONT2132,B,41,stored
CONT2133,B,54,stored
CONT2134,C,42,in_transit
CONT2135,C,22,stored
CONT2136,B,66,stored
CONT2137,B,93,in_transit
CONT2138,B,73,stored
CONT2139,C,90,stored
CONT2140,C,82,in_transit
CONT2141,B,4,in_transit
CONT2142,B,10,in_transit
CONT2143,C,95,stored
CONT2144,C,64,stored
CONT2145,A,10,in_transit
CONT2146,B,36,stored
CONT2147,C,75,stored
CONT2148,A,20,in_transit
CONT2149,C,36,in_transit
CONT2150,B,23,in_transit
CONT2151,A,53,in_transit
CONT2152,B,63,stored
CONT2153,C,80,stored
CONT2154,B,58,stored
CONT2155,C,25,stored
CONT2156,B,2,in_transit
CONT2157,A,94,stored
CONT2158,A,67,in_transit
CONT2159,A,13,stored
CONT2160,A,66,stored
CONT2161,A,18,in_transit
CONT2162,B,39,in_transit
CONT2163,B,57,in_transit
CONT2164,C,81,in_transit
CONT2165,C,8,in_transit
CONT2166,A,96,in_transit
CONT2167,A,49,in_transit
CONT2168,A,82,in_transit
CONT2169,B,13,stored
CONT2170,A,25,stored
CONT2171,A,18,stored
CONT2172,C,72,in_transit
CONT2173,A,88,in_transit
CONT2174,C,74,in_transit
CONT2175,A,48,stored
CONT2176,B,98,stored
CONT2177,C,85,in_transit
CONT2178,A,31,stored
CONT2179,C,85,stored
CONT2180,B,84,in_transit
CONT2181,A,68,stored
CONT2182,A,80,in_transit
CONT2183,B,12,stored
CONT2184,B,10,in_transit
CONT2185,B,48,in_transit
CONT2186,C,99,in_transit
CONT2187,A,42,in_transit
CONT2188,C,33,in_transit
CONT2189,B,35,in_transit
CONT2190,A,31,stored
CONT2191,A,94,in_transit
CONT2192,A,88,in_transit
CONT2193,C,92,stored
CONT2194,A,53,in_transit
CONT2195,B,21,in_transit
CONT2196,C,17,stored
CONT2197,A,61,in_transit
CONT2198,B,12,in_transit
CONT2199,C,67,stored
CONT2200,C,76,stored
CONT2201,B,43,stored
CONT2202,C,17,stored
CONT2203,A,75,in_transit
CONT2204,B,30,in_transit
CONT2205,A,22,stored
CONT2206,C,41,in_transit
CONT2207,C,42,stored
CONT2208,B,100,in_transit
CONT2209,B,17,stored
CONT2210,A,52,in_transit
CONT2211,C,77,stored
CONT2212,B,42,in_transit
CONT2213,C,81,stored
CONT2214,A,90,stored
CONT2215,C,65,in_transit
CONT2216,B,88,stored
CONT2217,C,18,in_transit
CONT2218,A,27,stored
CONT2219,C,81,in_transit
CONT2220,A,9,stored
CONT2221,C,94,in_transit
CONT2222,B,69,in_transit
CONT2223,C,4,stored
CONT2224,C,93,in_transit
CONT2225,B,53,stored
CONT2226,B,26,stored
CONT2227,C,88,stored
CONT2228,A,41,stored
CONT2229,B,52,stored
CONT2230,B,92,stored
CONT2231,B,14,in_transit
CONT2232,C,74,in_transit
CONT2233,B,11,stored
CONT2234,C,75,in_transit
CONT2235,B,79,in_transit
CONT2236,B,10,stored
CONT2237,B,94,stored
CONT2238,A,56,stored
CONT2239,A,14,in_transit
CONT2240,B,34,in_transit
CONT2241,B,30,in_transit
CONT2242,A,14,in_transit
CONT2243,C,1,in_transit
CONT2244,C,96,stored
CONT2245,B,75,stored
CONT2246,A,74,in_transit
CONT2247,B,85,stored
CONT2248,C,59,stored
CONT2249,A,7,in_transit
CONT2250,C,83,in_transit
CONT2251,C,10,stored
CONT2252,A,20,in_transit
CONT2253,A,62,stored
CONT2254,A,63,in_transit
CONT2255,A,61,in_transit
CONT2256,A,81,in_transit
CONT2257,B,95,in_transit
CONT2258,B,12,stored
CONT2259,C,87,in_transit
CONT2260,A,16,in_transit
CONT2261,A,4,in_transit
CONT2262,A,74,in_transit
CONT2263,C,32,in_transit
CONT2264,A,21,stored
CONT2265,B,5,stored
CONT2266,A,96,in_transit
CONT2267,B,22,stored
CONT2268,B,2,in_transit
CONT2269,C,68,in_transit
CONT2270,B,49,in_transit
CONT2271,C,87,stored
CONT2272,A,66,stored
CONT2273,C,70,stored
CONT2274,A,34,in_transit
CONT2275,B,37,in_transit
CONT2276,A,44,in_transit
CONT2277,A,17,stored
CONT2278,C,35,stored
CONT2279,A,84,stored
CONT2280,C,17,stored
CONT2281,B,22,in_transit
CONT2282,C,51,stored
CONT2283,A,31,in_transit
CONT2284,B,36,stored
CONT2285,B,72,stored
CONT2286,B,59,in_transit
CONT2287,A,64,stored
CONT2288,B,9,stored
CONT2289,B,96,stored
CONT2290,B,38,stored
CONT2291,C,84,in_transit
CONT2292,C,21,in_transit
CONT2293,A,45,in_transit
CONT2294,B,82,stored
CONT2295,B,60,stored
CONT2296,C,63,in_transit
CONT2297,C,84,in_transit
CONT2298,B,90,stored
CONT2299,A,47,in_transit
CONT2300,C,64,stored
CONT2301,A,35,stored
CONT2302,B,90,in_transit
CONT2303,A,89,stored
CONT2304,B,3,stored
CONT2305,B,61,in_transit
CONT2306,C,18,in_transit
CONT2307,A,21,stored
CONT2308,B,84,stored
CONT2309,C,38,stored
CONT2310,B,97,stored
CONT2311,B,58,stored
CONT2312,B,35,in_transit
CONT2313,B,81,stored
CONT2314,A,93,stored
CONT2315,A,68,stored
CONT2316,A,14,stored
CONT2317,A,98,stored
CONT2318,A,52,stored
CONT2319,C,57,in_transit
CONT2320,C,45,stored
CONT2321,C,69,in_transit
CONT2322,A,46,in_transit
CONT2323,A,50,stored
CONT2324,A,24,stored
CONT2325,C,85,in_transit
CONT2326,B,52,stored
CONT2327,A,98,stored
CONT2328,C,55,stored
CONT2329,B,35,in_transit
CONT2330,C,56,in_transit
CONT2331,C,18,stored
CONT2332,C,78,stored
CONT2333,C,64,in_transit
CONT2334,A,59,stored
CONT2335,B,90,stored
CONT2336,A,34,stored
CONT2337,C,93,stored
CONT2338,B,14,stored
CONT2339,C,90,in_transit
CONT2340,A,6,stored
CONT2341,A,98,in_transit
CONT2342,B,77,in_transit
CONT2343,B,72,stored
CONT2344,B,84,in_transit
CONT2345,A,56,in_transit
CONT2346,B,71,stored
CONT2347,A,54,in_transit
CONT2348,B,82,in_transit
CONT2349,B,13,stored
CONT2350,C,78,in_transit
CONT2351,A,59,stored
CONT2352,A,97,stored
CONT2353,C,48,in_transit
CONT2354,B,78,stored
CONT2355,C,86,stored
CONT2356,B,22,stored
CONT2357,B,6,stored
CONT2358,C,50,stored
CONT2359,A,91,in_transit
CONT2360,A,6,in_transit
CONT2361,C,61,in_transit
CONT2362,A,86,in_transit
CONT2363,C,84,stored
CONT2364,A,11,stored
CONT2365,C,15,in_transit
CONT2366,A,72,stored
CONT2367,C,95,stored
CONT2368,B,34,stored
CONT2369,B,93,stored
CONT2370,B,3,in_transit
CONT2371,A,94,stored
CONT2372,B,13,stored
CONT2373,C,36,stored
CONT2374,B,48,stored
CONT2375,A,60,stored
CONT2376,C,49,in_transit
CONT2377,C,69,stored
CONT2378,C,56,in_transit
CONT2379,C,8,stored
CONT2380,A,30,stored
CONT2381,A,26,in_transit
CONT2382,C,2,stored
CONT2383,A,95,in_transit
CONT2384,B,6,stored
CONT2385,C,72,stored
CONT2386,C,61,stored
CONT2387,C,99,stored
CONT2388,B,98,in_transit
CONT2389,A,2,in_transit
CONT2390,B,41,in_transit
CONT2391,A,90,in_transit
CONT2392,A,15,stored
CONT2393,A,63,in_transit
CONT2394,A,34,stored
CONT2395,B,73,stored
CONT2396,C,41,in_transit
CONT2397,A,41,stored
CONT2398,C,45,stored
CONT2399,C,79,stored
CONT2400,B,61,in_transit
CONT2401,B,10,in_transit
CONT2402,C,43,in_transit
CONT2403,C,59,in_transit
CONT2404,A,28,in_transit
CONT2405,C,88,stored
CONT2406,B,2,stored
CONT2407,B,27,in_transit
CONT2408,A,97,stored
CONT2409,A,82,in_transit
CONT2410,A,14,stored
CONT2411,B,83,stored
CONT2412,A,63,in_transit
CONT2413,A,96,stored
CONT2414,A,10,in_transit
CONT2415,A,31,stored
CONT2416,A,50,stored
CONT2417,C,46,stored
CONT2418,B,72,in_transit
CONT2419,B,68,stored
CONT2420,A,12,stored
CONT2421,A,63,in_transit
CONT2422,C,75,in_transit
CONT2423,B,19,stored
CONT2424,C,62,stored
CONT2425,B,26,in_transit
CONT2426,B,22,stored
CONT2427,A,21,stored
CONT2428,A,35,in_transit
CONT2429,B,59,in_transit
CONT2430,C,94,stored
CONT2431,C,45,stored
CONT2432,C,4,stored
CONT2433,B,86,stored
CONT2434,B,87,stored
CONT2435,C,24,stored
CONT2436,A,94,in_transit
CONT2437,C,54,in_transit
CONT2438,B,26,stored
CONT2439,A,36,in_transit
CONT2440,A,95,in_transit
CONT2441,B,60,stored
CONT2442,C,86,stored
CONT2443,B,41,stored
CONT2444,B,11,in_transit
CONT2445,B,69,in_transit
CONT2446,A,25,in_transit
CONT2447,B,50,in_transit
CONT2448,A,89,in_transit
CONT2449,A,83,in_transit
CONT2450,C,52,in_transit
CONT2451,C,66,stored
CONT2452,A,100,stored
CONT2453,A,87,stored
CONT2454,B,27,in_transit
CONT2455,B,96,stored
CONT2456,C,6,stored
CONT2457,C,71,stored
CONT2458,C,43,in_transit
CONT2459,A,6,in_transit
CONT2460,A,33,stored
CONT2461,A,65,stored
CONT2462,A,10,stored
CONT2463,A,49,in_transit
CONT2464,A,75,in_transit
CONT2465,C,12,stored
CONT2466,A,23,in_transit
CONT2467,C,22,stored
CONT2468,B,12,stored
CONT2469,B,81,stored
CONT2470,C,70,in_transit
CONT2471,A,3,in_transit
CONT2472,A,43,in_transit
CONT2473,C,88,in_transit
CONT2474,A,22,in_transit
CONT2475,A,52,stored
CONT2476,A,29,in_transit
CONT2477,A,54,in_transit
CONT2478,A,25,in_transit
CONT2479,C,12,stored
CONT2480,B,63,stored
CONT2481,B,17,stored
CONT2482,C,8,stored
CONT2483,B,79,stored
CONT2484,A,86,stored
CONT2485,A,35,in_transit
CONT2486,B,85,in_transit
CONT2487,A,90,in_transit
CONT2488,C,48,stored
CONT2489,C,67,in_transit
CONT2490,A,46,in_transit
CONT2491,B,52,in_transit
CONT2492,C,95,in_transit
CONT2493,C,42,in_transit
CONT2494,B,5,in_transit
CONT2495,B,13,stored
CONT2496,C,97,in_transit
CONT2497,B,59,stored
CONT2498,B,8,in_transit
CONT2499,A,17,stored
CONT2500,B,87,in_transit
CONT2501,A,4,stored
CONT2502,A,64,in_transit
CONT2503,A,38,stored
CONT2504,A,13,stored
CONT2505,C,32,in_transit
CONT2506,C,32,in_transit
CONT2507,B,15,stored
CONT2508,B,19,stored
CONT2509,B,89,stored
CONT2510,B,76,in_transit
CONT2511,B,28,in_transit
CONT2512,C,22,stored
CONT2513,A,100,in_transit
CONT2514,B,93,stored
CONT2515,A,73,stored
CONT2516,B,27,stored
CONT2517,C,91,stored
CONT2518,B,5,in_transit
CONT2519,B,1,stored
CONT2520,B,15,stored
CONT2521,A,92,stored
CONT2522,B,47,in_transit
CONT2523,B,96,stored
CONT2524,A,98,in_transit
CONT2525,A,13,in_transit
CONT2526,C,15,in_transit
CONT2527,C,48,in_transit
CONT2528,C,52,stored
CONT2529,C,57,stored
CONT2530,B,84,in_transit
CONT2531,B,63,stored
CONT2532,A,40,in_transit
CONT2533,B,66,stored
CONT2534,C,94,in_transit
CONT2535,A,41,stored
CONT2536,C,55,in_transit
CONT2537,B,41,in_transit
CONT2538,A,94,in_transit
CONT2539,A,64,stored
CONT2540,C,51,in_transit
CONT2541,B,19,in_transit
CONT2542,C,2,in_transit
CONT2543,C,63,stored
CONT2544,A,7,stored
CONT2545,B,8,stored
CONT2546,B,58,in_transit
CONT2547,B,14,stored
CONT2548,A,26,in_transit
CONT2549,C,82,stored
CONT2550,B,100,stored
CONT2551,A,36,in_transit
CONT2552,A,65,in_transit
CONT2553,A,96,stored
CONT2554,C,22,in_transit
CONT2555,B,26,stored
CONT2556,B,75,stored
CONT2557,C,51,in_transit
CONT2558,C,57,stored
CONT2559,B,39,in_transit
CONT2560,B,68,stored
CONT2561,B,65,in_transit
CONT2562,A,79,in_transit
CONT2563,C,10,stored
CONT2564,B,37,stored
CONT2565,B,20,stored
CONT2566,C,77,in_transit
CONT2567,B,66,stored
CONT2568,B,90,stored
CONT2569,A,31,in_transit
CONT2570,B,32,stored
CONT2571,B,13,stored
CONT2572,C,10,stored
CONT2573,B,23,stored
CONT2574,C,25,stored
CONT2575,B,37,stored
CONT2576,B,64,stored
CONT2577,A,25,stored
CONT2578,C,22,in_transit
CONT2579,C,52,in_transit
CONT2580,C,48,in_transit
CONT2581,A,25,in_transit
CONT2582,B,69,stored
CONT2583,A,51,stored
CONT2584,B,11,stored
CONT2585,B,46,stored
CONT2586,A,79,stored
CONT2587,A,33,stored
CONT2588,C,77,in_transit
CONT2589,A,79,stored
CONT2590,A,54,stored
CONT2591,A,90,in_transit
CONT2592,C,44,in_transit
CONT2593,B,37,in_transit
CONT2594,C,98,stored
CONT2595,B,63,in_transit
CONT2596,A,98,in_transit
CONT2597,B,47,in_transit
CONT2598,C,74,stored
CONT2599,A,21,stored
CONT2600,B,92,in_transit
CONT2601,C,77,stored
CONT2602,C,39,in_transit
CONT2603,A,1,in_transit
CONT2604,C,100,in_transit
CONT2605,C,77,in_transit
CONT2606,B,27,in_transit
CONT2607,C,11,stored
CONT2608,A,30,in_transit
CONT2609,B,1,stored
CONT2610,C,18,stored
CONT2611,A,99,stored
CONT2612,C,20,in_transit
CONT2613,C,17,stored
CONT2614,C,4,in_transit
CONT2615,B,47,in_transit
CONT2616,C,60,in_transit
CONT2617,C,41,stored
CONT2618,C,27,in_transit
CONT2619,C,27,stored
CONT2620,C,85,stored
CONT2621,B,68,stored
CONT2622,C,67,in_transit
CONT2623,A,39,in_transit
CONT2624,C,55,stored
CONT2625,A,54,stored
CONT2626,A,50,stored
CONT2627,B,60,in_transit
CONT2628,B,48,stored
CONT2629,B,60,stored
CONT2630,C,74,in_transit
CONT2631,A,59,in_transit
CONT2632,B,71,in_transit
CONT2633,C,56,stored
CONT2634,C,41,stored
CONT2635,C,26,in_transit
CONT2636,B,93,stored
CONT2637,C,47,in_transit
CONT2638,C,81,in_transit
CONT2639,A,33,stored
CONT2640,C,47,in_transit
CONT2641,C,34,stored
CONT2642,B,47,stored
CONT2643,B,33,in_transit
CONT2644,C,76,in_transit
CONT2645,A,21,in_transit
CONT2646,B,6,stored
CONT2647,A,62,in_transit
CONT2648,A,16,in_transit
CONT2649,B,46,in_transit
CONT2650,C,11,stored
CONT2651,C,54,stored
CONT2652,C,34,stored
CONT2653,B,71,in_transit
CONT2654,C,30,in_transit
CONT2655,C,42,in_transit
CONT2656,A,89,stored
CONT2657,C,44,in_transit
CONT2658,A,71,stored
CONT2659,A,64,in_transit
CONT2660,C,53,stored
CONT2661,B,73,stored
CONT2662,B,13,in_transit
CONT2663,C,73,in_transit
CONT2664,A,72,stored
CONT2665,B,3,in_transit
CONT2666,B,80,in_transit
CONT2667,B,49,stored
CONT2668,B,12,in_transit
CONT2669,C,95,in_transit
CONT2670,C,73,in_transit
CONT2671,C,35,stored
CONT2672,B,82,in_transit
CONT2673,C,70,in_transit
CONT2674,B,47,in_transit
CONT2675,B,85,stored
CONT2676,C,80,stored
CONT2677,B,19,in_transit
CONT2678,B,36,in_transit
CONT2679,B,19,stored
CONT2680,C,20,in_transit
CONT2681,A,55,in_transit
CONT2682,C,44,in_transit
CONT2683,C,82,stored
CONT2684,A,36,stored
CONT2685,A,60,in_transit
CONT2686,C,3,stored
CONT2687,A,17,in_transit
CONT2688,A,19,in_transit
CONT2689,B,66,stored
CONT2690,A,69,in_transit
CONT2691,C,91,stored
CONT2692,B,83,in_transit
CONT2693,A,20,in_transit
CONT2694,B,82,in_transit
CONT2695,C,46,in_transit
CONT2696,B,81,stored
CONT2697,B,95,stored
CONT2698,A,15,stored
CONT2699,B,26,in_transit
CONT2700,B,6,in_transit
CONT2701,B,60,in_transit
CONT2702,C,27,stored
CONT2703,B,40,stored
CONT2704,A,7,in_transit
CONT2705,A,60,stored
CONT2706,B,91,stored
CONT2707,B,91,in_transit
CONT2708,C,40,in_transit
CONT2709,B,28,stored
CONT2710,A,30,stored
CONT2711,C,43,in_transit
CONT2712,B,21,in_transit
CONT2713,A,12,stored
CONT2714,C,19,stored
CONT2715,B,38,stored
CONT2716,C,19,in_transit
CONT2717,C,89,stored
CONT2718,B,1,in_transit
CONT2719,A,78,in_transit
CONT2720,A,36,in_transit
CONT2721,A,88,in_transit
CONT2722,C,86,in_transit
CONT2723,C,43,in_transit
CONT2724,B,80,stored
CONT2725,A,79,in_transit
CONT2726,B,57,stored
CONT2727,A,100,stored
CONT2728,A,18,stored
CONT2729,B,97,in_transit
CONT2730,B,39,stored
CONT2731,C,74,in_transit
CONT2732,C,78,stored
CONT2733,C,24,stored
CONT2734,A,12,in_transit
CONT2735,C,39,in_transit
CONT2736,A,68,stored
CONT2737,C,96,stored
CONT2738,A,24,in_transit
CONT2739,B,12,stored
CONT2740,C,17,stored
CONT2741,A,63,stored
CONT2742,A,53,in_transit
CONT2743,B,33,in_transit
CONT2744,B,66,in_transit
CONT2745,C,36,stored
CONT2746,A,9,in_transit
CONT2747,C,23,stored
CONT2748,A,10,stored
CONT2749,C,38,stored
CONT2750,C,83,stored
CONT2751,B,89,in_transit
CONT2752,A,24,in_transit
CONT2753,B,58,stored
CONT2754,A,58,in_transit
CONT2755,B,42,stored
CONT2756,B,3,stored
CONT2757,C,36,in_transit
CONT2758,A,38,stored
CONT2759,A,10,stored
CONT2760,A,73,stored
CONT2761,B,10,stored
CONT2762,A,46,stored
CONT2763,B,87,stored
CONT2764,A,56,stored
CONT2765,B,88,stored
CONT2766,A,93,in_transit
CONT2767,A,17,stored
CONT2768,A,83,stored
CONT2769,C,48,in_transit
CONT2770,B,89,in_transit
CONT2771,B,81,in_transit
CONT2772,B,49,in_transit
CONT2773,B,18,in_transit
CONT2774,B,49,stored
CONT2775,B,58,stored
CONT2776,B,24,in_transit
CONT2777,B,42,in_transit
CONT2778,A,30,in_transit
CONT2779,C,53,in_transit
CONT2780,B,51,in_transit
CONT2781,B,6,in_transit
CONT2782,A,91,stored
CONT2783,B,6,stored
CONT2784,A,82,stored
CONT2785,A,21,stored
CONT2786,B,73,in_transit
CONT2787,A,89,in_transit
CONT2788,A,78,stored
CONT2789,B,100,in_transit
CONT2790,C,18,in_transit
CONT2791,C,67,stored
CONT2792,C,24,stored
CONT2793,B,24,stored
CONT2794,B,73,stored
CONT2795,C,70,stored
CONT2796,C,31,in_transit
CONT2797,A,44,stored
CONT2798,C,31,stored
CONT2799,A,49,in_transit
CONT2800,C,79,in_transit
CONT2801,A,25,stored
CONT2802,B,50,in_transit
CONT2803,A,48,stored
CONT2804,A,83,in_transit
CONT2805,B,22,stored
CONT2806,B,79,in_transit
CONT2807,C,4,in_transit
CONT2808,C,52,in_transit
CONT2809,A,52,in_transit
CONT2810,B,10,stored
CONT2811,C,16,in_transit
CONT2812,A,31,in_transit
CONT2813,A,59,in_transit
CONT2814,B,26,stored
CONT2815,C,33,stored
CONT2816,B,60,stored
CONT2817,C,83,in_transit
CONT2818,A,13,stored
CONT2819,C,29,stored
CONT2820,A,16,in_transit
CONT2821,C,24,in_transit
CONT2822,C,84,in_transit
CONT2823,B,6,stored
CONT2824,A,34,stored
CONT2825,C,89,in_transit
CONT2826,C,82,stored
CONT2827,A,30,in_transit
CONT2828,B,93,stored
CONT2829,A,73,stored
CONT2830,C,24,stored
CONT2831,B,69,in_transit
CONT2832,B,79,in_transit
CONT2833,B,99,in_transit
CONT2834,C,24,stored
CONT2835,A,60,in_transit
CONT2836,A,14,stored
CONT2837,B,67,in_transit
CONT2838,A,15,in_transit
CONT2839,B,68,stored
CONT2840,A,71,in_transit
CONT2841,A,85,stored
CONT2842,C,35,stored
CONT2843,C,74,stored
CONT2844,A,87,in_transit
CONT2845,A,1,in_transit
CONT2846,B,92,stored
CONT2847,A,90,in_transit
CONT2848,C,23,stored
CONT2849,A,56,stored
CONT2850,A,38,stored
CONT2851,C,40,stored
CONT2852,B,40,stored
CONT2853,A,18,in_transit
CONT2854,C,24,stored
CONT2855,C,41,in_transit
CONT2856,B,23,stored
CONT2857,A,96,in_transit
CONT2858,C,58,in_transit
CONT2859,C,58,in_transit
CONT2860,A,33,stored
CONT2861,B,84,stored
CONT2862,B,54,stored
CONT2863,C,100,in_transit
CONT2864,C,18,in_transit
CONT2865,C,87,in_transit
CONT2866,C,58,stored
CONT2867,C,78,stored
CONT2868,B,26,stored
CONT2869,B,53,in_transit
CONT2870,C,46,stored
CONT2871,B,100,stored
CONT2872,B,27,in_transit
CONT2873,B,72,stored
CONT2874,C,72,stored
CONT2875,C,16,in_transit
CONT2876,C,45,in_transit
CONT2877,C,94,in_transit
CONT2878,A,21,in_transit
CONT2879,C,81,in_transit
CONT2880,B,39,in_transit
CONT2881,C,41,in_transit
CONT2882,C,44,in_transit
CONT2883,B,79,in_transit
CONT2884,A,100,in_transit
CONT2885,C,68,stored
CONT2886,C,47,in_transit
CONT2887,B,37,stored
CONT2888,B,66,stored
CONT2889,C,94,stored
CONT2890,B,22,stored
CONT2891,B,22,in_transit
CONT2892,B,66,in_transit
CONT2893,B,30,in_transit
CONT2894,C,60,in_transit
CONT2895,B,79,in_transit
CONT2896,B,83,in_transit
CONT2897,A,15,stored
CONT2898,C,28,stored
CONT2899,B,53,in_transit
CONT2900,B,99,in_transit
CONT2901,B,82,stored
CONT2902,C,53,stored
CONT2903,A,24,in_transit
CONT2904,B,8,stored
CONT2905,C,69,in_transit
CONT2906,B,52,in_transit
CONT2907,B,11,stored
CONT2908,C,20,stored
CONT2909,A,22,in_transit
CONT2910,B,74,in_transit
CONT2911,A,44,stored
CONT2912,C,40,in_transit
CONT2913,A,63,stored
CONT2914,B,15,stored
CONT2915,B,28,in_transit
CONT2916,B,71,in_transit
CONT2917,A,55,stored
CONT2918,A,75,stored
CONT2919,A,54,in_transit
CONT2920,C,98,in_transit
CONT2921,A,86,in_transit
CONT2922,C,85,in_transit
CONT2923,C,79,in_transit
CONT2924,B,89,in_transit
CONT2925,C,96,stored
CONT2926,B,78,stored
CONT2927,C,97,in_transit
CONT2928,A,39,stored
CONT2929,B,55,stored
CONT2930,C,92,stored
CONT2931,C,59,stored
CONT2932,A,82,stored
CONT2933,C,55,stored
CONT2934,B,21,stored
CONT2935,A,34,in_transit
CONT2936,C,98,in_transit
CONT2937,A,63,stored
CONT2938,B,27,in_transit
CONT2939,A,22,in_transit
CONT2940,B,93,in_transit
CONT2941,A,89,stored
CONT2942,A,43,in_transit
CONT2943,C,64,in_transit
CONT2944,A,22,stored
CONT2945,B,21,stored
CONT2946,A,94,stored
CONT2947,C,20,in_transit
CONT2948,B,98,in_transit
CONT2949,B,22,stored
CONT2950,A,23,in_transit
CONT2951,C,34,stored
CONT2952,A,73,stored
CONT2953,A,44,in_transit
CONT2954,C,48,stored
CONT2955,C,68,stored
CONT2956,B,11,stored
CONT2957,A,29,stored
CONT2958,C,68,stored
CONT2959,A,31,in_transit
CONT2960,C,75,in_transit
CONT2961,C,20,stored
CONT2962,B,58,stored
CONT2963,C,71,stored
CONT2964,C,73,stored
CONT2965,B,52,in_transit
CONT2966,C,65,stored
CONT2967,C,94,stored
CONT2968,C,20,in_transit
CONT2969,A,59,stored
CONT2970,C,55,stored
CONT2971,B,53,stored
CONT2972,B,64,in_transit
CONT2973,C,37,stored
CONT2974,C,63,stored
CONT2975,A,88,in_transit
CONT2976,A,80,stored
CONT2977,A,42,stored
CONT2978,C,82,in_transit
CONT2979,A,94,stored
CONT2980,B,85,in_transit
CONT2981,C,100,stored
CONT2982,A,92,stored
CONT2983,C,25,in_transit
CONT2984,A,31,stored
CONT2985,A,35,in_transit
CONT2986,A,54,in_transit
CONT2987,A,67,in_transit
CONT2988,B,34,in_transit
CONT2989,C,42,in_transit
CONT2990,A,6,in_transit
CONT2991,C,26,in_transit
CONT2992,C,27,stored
CONT2993,B,100,in_transit
CONT2994,B,16,stored
CONT2995,B,69,in_transit
CONT2996,C,89,stored
CONT2997,B,74,in_transit
CONT2998,A,59,in_transit
CONT2999,B,94,stored
CONT3000,A,57,in_transit
